filename,document title,DOI,GitHub link
A Parameter-Free Structural Bridge between the Fine-Structure Constant and Newton's Gravitational Constant.tex,A Parameter-Free Structural Bridge between the Fine-Structure Constant and Newton's Gravitational Constant in the PDL Framework,https://doi.org/10.5281/zenodo.19219858,https://github.com/laubscher-lab/PDL-framework/blob/main/A%20Parameter-Free%20Structural%20Bridge%20between%20the%20Fine-Structure%20Constant%20and%20Newton%27s%20Gravitational%20Constant.tex
A_Topological_Reformulation_in_the_Projective_Dynamic_Logo_Framework.tex,Logical Leakage as Self-Maintained Probability: A Topological Reformulation in the Projective Dynamic Logo Framework,https://doi.org/10.5281/zenodo.18664995,https://github.com/laubscher-lab/PDL-framework/blob/main/A_Topological_Reformulation_in_the_Projective_Dynamic_Logo_Framework.tex
arXiv-2508.19335v1/paper.tex,GammaPBHPlotter: A public code for calculating the complete Hawking evaporation gamma-ray spectra from primordial black holes,https://doi.org/10.48550/arXiv.2508.19335,https://github.com/laubscher-lab/PDL-framework/blob/main/arXiv-2508.19335v1/paper.tex
Axiomatic Derivation of the Leading Valence Engagement Amplitude in the PDL Framework.tex,Axiomatic Derivation of the Leading Valence Engagement Amplitude in the PDL Framework,https://doi.org/10.5281/zenodo.19283107,https://github.com/laubscher-lab/PDL-framework/blob/main/Axiomatic%20Derivation%20of%20the%20Leading%20Valence%20Engagement%20Amplitude%20in%20the%20PDL%20Framework.tex
back-cover.tex,Back cover — Whatever We May Be,,https://github.com/laubscher-lab/PDL-framework/blob/main/back-cover.tex
Bekenstein--Hawking Entropy from the PDL Effective Gravitational Coupling.tex,"Bekenstein--Hawking Entropy from the PDL Effective Gravitational Coupling: The 4π Identity, Surface Counting, and Primordial Black Hole Predictions Document D38 --- PDL Programme",https://doi.org/10.5281/zenodo.19354682,https://github.com/laubscher-lab/PDL-framework/blob/main/Bekenstein--Hawking%20Entropy%20from%20the%20PDL%20Effective%20Gravitational%20Coupling.tex
Born Rule from (A)∧(B)-Admissible Amplitudes in the PDL Framework.tex,Born Rule from (A)∧(B) -Admissible Amplitudes in the PDL Framework,https://doi.org/10.5281/zenodo.19322776,https://github.com/laubscher-lab/PDL-framework/blob/main/Born%20Rule%20from%20%28A%29%E2%88%A7%28B%29-Admissible%20Amplitudes%20in%20the%20PDL%20Framework.tex
cell_1_coherent_configs.py,D66 -- CELLULE 1 / 4,,https://github.com/laubscher-lab/PDL-framework/blob/main/cell_1_coherent_configs.py
cell_2_parity_obstruction.py,D66 -- CELLULE 2 / 4,,https://github.com/laubscher-lab/PDL-framework/blob/main/cell_2_parity_obstruction.py
cell_3_spin_resolution.py,D66 -- CELLULE 3 / 4,,https://github.com/laubscher-lab/PDL-framework/blob/main/cell_3_spin_resolution.py
cell_4_D33_link.py,D66 -- CELLULE 4 / 4,,https://github.com/laubscher-lab/PDL-framework/blob/main/cell_4_D33_link.py
Closure-Density Dependence of the Effective Gravitational Coupling and the Structural Origin of the Hubble Tension.tex,Closure-Density Dependence of the Effective Gravitational Coupling and the Structural Origin of the Hubble Tension in the PDL Framework,https://doi.org/10.5281/zenodo.19206960,https://github.com/laubscher-lab/PDL-framework/blob/main/Closure-Density%20Dependence%20of%20the%20Effective%20Gravitational%20Coupling%20and%20the%20Structural%20Origin%20of%20the%20Hubble%20Tension.tex
Coherence Leakage Hierarchical Filtering and the Exponent 18 in the PDLogo Framework.tex,"Coherence Leakage, Hierarchical Filtering, and the Exponent 18 in the Projective Dynamic Logo Framework",https://doi.org/10.5281/zenodo.18841254,https://github.com/laubscher-lab/PDL-framework/blob/main/Coherence%20Leakage%20Hierarchical%20Filtering%20and%20the%20Exponent%2018%20in%20the%20PDLogo%20Framework.tex
Coherence Leakage Hierarchical Filtering and the Exponent 18 in the PDLogo Framework_v2.tex,"Coherence Leakage, Hierarchical Filtering, and the Exponent 18 in the Projective Dynamic Logo Framework",,https://github.com/laubscher-lab/PDL-framework/blob/main/Coherence%20Leakage%20Hierarchical%20Filtering%20and%20the%20Exponent%2018%20in%20the%20PDLogo%20Framework_v2.tex
Coherence_Effective_Fields_Gauss_Faraday_Structure_Triangle_Counts_Schrödinger_Dynamics_PDL_Framework.tex,From Discrete Coherence Flux to Effective Fields: A Structured Programme within the PDL Framework,https://doi.org/10.5281/zenodo.18716526,https://github.com/laubscher-lab/PDL-framework/blob/main/Coherence_Effective_Fields_Gauss_Faraday_Structure_Triangle_Counts_Schro%CC%88dinger_Dynamics_PDL_Framework.tex
Combinatorial Proton Architecture PDL_v2.tex,"On the Combinatorial Selection of the Proton Architecture in PDL Axiomatic Constraints, Integer Structures, and a Uniqueness Conjecture",https://doi.org/10.5281/zenodo.18832953,https://github.com/laubscher-lab/PDL-framework/blob/main/Combinatorial%20Proton%20Architecture%20PDL_v2.tex
Combinatorial_Proton_Architecture_PDL.tex,"On the Combinatorial Selection of the Proton Architecture in PDL Axiomatic Constraints, Integer Structures, and a Uniqueness Conjecture",,https://github.com/laubscher-lab/PDL-framework/blob/main/Combinatorial_Proton_Architecture_PDL.tex
Consolidation_DL_session_Spinoza_Lawvere.md,"Consolidation — Exploration DL-OP1 / DL-OP2 (n*_vie, n*_conscience)",,https://github.com/laubscher-lab/PDL-framework/blob/main/Consolidation_DL_session_Spinoza_Lawvere.md
D-exp-f7_2.tex,D-exp-f7/2 PDL Structural Analysis of the f_ 7/2 Mirror Nuclei: 47 Cr-- 47 V and 49 Mn-- 49 Cr Confrontation with the Escudeiro--Recchia--Lenzi et al. (2026) B(E2) Data,https://doi.org/10.5281/zenodo.20593807,https://github.com/laubscher-lab/PDL-framework/blob/main/D-exp-f7_2.tex
D-exp-SP2.tex,D-exp-SP2: Topological Optimality Criterion for Coherent Photon-to-Electron Conversion Projective Dynamic Logo Framework — Exploratory Document,https://doi.org/10.5281/zenodo.20242505,https://github.com/laubscher-lab/PDL-framework/blob/main/D-exp-SP2.tex
D-exp-ZIB.tex,D-exp-ZIB Bipartite Supercapacitors for Zinc-Ion Energy Storage: A PDL-Derived Materials Selection Principle Exploratory Document — PDL Framework,https://doi.org/10.5281/zenodo.20262293,https://github.com/laubscher-lab/PDL-framework/blob/main/D-exp-ZIB.tex
D-exp-Zr.tex,D-exp-Zr: Structural Origin of the Quantum Phase Transition in Zirconium Isotopes A PDL Framework Analysis of the Lifetime Measurements of Pasqualato et al. (2024) Projective Dynamic Logo Framework --- Exploratory Document,https://doi.org/10.5281/zenodo.20321750,https://github.com/laubscher-lab/PDL-framework/blob/main/D-exp-Zr.tex
D19ad_Addendum_D19_Binary_Distinction_and_Bearer_Problem.tex,On the Necessity of the Binary Distinction and the Dissolution of the Bearer Problem An Addendum to Existence as Pulsating Closure (D19) PDL Document D19ad,https://doi.org/10.5281/zenodo.21518530,https://github.com/laubscher-lab/PDL-framework/blob/main/D19ad_Addendum_D19_Binary_Distinction_and_Bearer_Problem.tex
D41 pdl island of inversion.tex,"Structural Closure Multiplicity and the Isospin-Symmetric Island of Inversion: a PDL Analysis of 84,86 Mo D41 --- Projective Dynamic Logo Framework",https://doi.org/10.5281/zenodo.19384396,https://github.com/laubscher-lab/PDL-framework/blob/main/D41%20pdl%20island%20of%20inversion.tex
D42_Derivation of H3 from C1–C4.tex,Derivation of H_3 from Axioms C1--C4: The Equiparticipation Lemma and the Closure of Causality D42 --- Projective Dynamic Logo Framework,https://doi.org/10.5281/zenodo.20041348,https://github.com/laubscher-lab/PDL-framework/blob/main/D42_Derivation%20of%20H3%20from%20C1%E2%80%93C4.tex
D42v3_Derivation_of_H3_from_C1_C4.tex,Derivation of H_3 from Axioms C1--C4: The Equiparticipation Lemma and the Closure of Causality D42 (Version 2) --- Projective Dynamic Logo Framework,,https://github.com/laubscher-lab/PDL-framework/blob/main/D42v3_Derivation_of_H3_from_C1_C4.tex
D43_causal_chain.tex,The Causal Chain of Physical Reality: From Four Axioms to Newton's Constant via the Geometric Leakage Parameter,https://doi.org/10.5281/zenodo.19678389,https://github.com/laubscher-lab/PDL-framework/blob/main/D43_causal_chain.tex
D44-Closure_of_OP-B.tex,Closure of OP-B: Derivation of the Hierarchical Filter Factor k from the PDL Axioms,,https://github.com/laubscher-lab/PDL-framework/blob/main/D44-Closure_of_OP-B.tex
D44_v2.tex,OP-B Reopened: Two Filter-Product Constructions for the Hierarchical Factor k,https://doi.org/10.5281/zenodo.21221113,https://github.com/laubscher-lab/PDL-framework/blob/main/D44_v2.tex
D45 pbh threshold.tex,Primordial Black Hole Evaporation Threshold from PDL,,https://github.com/laubscher-lab/PDL-framework/blob/main/D45%20pbh%20threshold.tex
D45_pbh_threshold_v2.tex,Primordial Black Hole Evaporation Threshold from PDL,https://doi.org/10.5281/zenodo.20866017,https://github.com/laubscher-lab/PDL-framework/blob/main/D45_pbh_threshold_v2.tex
D46 — Born's Rule Level 2.tex,Born's Rule Level 2: Derivation of U (1) Phase Freedom from the K_4 Pulsation Structure in the PDL Framework PDL Document D46 Resolves OP4,https://doi.org/10.5281/zenodo.19956932,https://github.com/laubscher-lab/PDL-framework/blob/main/D46%20%E2%80%94%20Born%27s%20Rule%20Level%202.tex
D47 -- Shell Filling.tex,Derivation of the Sub-Shell Filling Rates and the Periodic Table from the PDL Axioms: Resolution of OP13 and OP14 PDL Document D47 Resolves OP13 and OP14,,https://github.com/laubscher-lab/PDL-framework/blob/main/D47%20--%20Shell%20Filling.tex
D47_script1_OP13_verification.py,"Verification independante d'OP13 (D47, Theorem OP13) :",,https://github.com/laubscher-lab/PDL-framework/blob/main/D47_script1_OP13_verification.py
D47_script2_mirror_magic_verification.py,Verification independante de la table HO-PDL de D47 et des 7 nombres,,https://github.com/laubscher-lab/PDL-framework/blob/main/D47_script2_mirror_magic_verification.py
D47_script3_OP14_filling_rate_audit.py,"Audit complet d'OP14 (D47, Theorem OP14 -- taux de remplissage r_exc(Z)).",,https://github.com/laubscher-lab/PDL-framework/blob/main/D47_script3_OP14_filling_rate_audit.py
D47_script4_residual_exploration.py,"Exploration du residu de ~25.8% (script 3, Partie C) et test de pistes",,https://github.com/laubscher-lab/PDL-framework/blob/main/D47_script4_residual_exploration.py
D47_v2.tex,"OP14 Reopened: The Filling-Rate Table of D40 Vindicated, an Equation Error Corrected, and the Simplified Rule of D47v1 Refuted",https://doi.org/10.5281/zenodo.21410146,https://github.com/laubscher-lab/PDL-framework/blob/main/D47_v2.tex
D48_coherence_tensor.tex,Derivation of the Coherence Stress-Energy Tensor from the PDL Axioms: Explicit Form of C_ coh and Resolution of OP2 (D35) PDL Document D48 Resolves OP2 of D35,,https://github.com/laubscher-lab/PDL-framework/blob/main/D48_coherence_tensor.tex
D48v3_coherence_tensor.tex,Derivation of the Coherence Stress-Energy Tensor from the PDL Axioms: Explicit Form of C_ coh and Resolution of OP2 (D35) and OP-spin PDL Document D48 Version 3 (Corrected),https://doi.org/10.5281/zenodo.20151380,https://github.com/laubscher-lab/PDL-framework/blob/main/D48v3_coherence_tensor.tex
D49_london_equation.tex,Derivation of the London Equation from the PDL Axioms: Resolution of OP-London PDL Document D49 Resolves OP-London,https://doi.org/10.5281/zenodo.20025166,https://github.com/laubscher-lab/PDL-framework/blob/main/D49_london_equation.tex
D50 — BH Quarter.tex,Derivation of the Bekenstein--Hawking One-Quarter Coefficient from the PDL Axioms: Resolution of OP12/BH-3 PDL Document D50 Resolves OP12/BH-3,https://doi.org/10.5281/zenodo.20029777,https://github.com/laubscher-lab/PDL-framework/blob/main/D50%20%E2%80%94%20BH%20Quarter.tex
D51_leakage_constant.tex,The Cosmological Leakage Constant from the PDL Axioms A Structural Derivation of C and Resolution of OP1-D35 PDL Document D51,https://doi.org/10.5281/zenodo.20033520,https://github.com/laubscher-lab/PDL-framework/blob/main/D51_leakage_constant.tex
D52_leakage_bases.tex,Formal Identification of the Three Leakage Bases as Natural Representatives of the Three Cycles of β_1(K_4) = 3 Completion of the Proof of Conjecture PDL-C PDL Document D52,https://doi.org/10.5281/zenodo.20036769,https://github.com/laubscher-lab/PDL-framework/blob/main/D52_leakage_bases.tex
D53_causal_closure_Lambda.tex,From Four Axioms to the Cosmological Constant: Causal Closure of the Chain C1 -- C4 to Λ A Synthesis and Computational Verification PDL Document D53,https://doi.org/10.5281/zenodo.20052558,https://github.com/laubscher-lab/PDL-framework/blob/main/D53_causal_closure_Lambda.tex
D54_equation_of_state.tex,Equation of State of the PDL Coherence Fluid: Resolution of OP-pressure PDL Document D54,https://doi.org/10.5281/zenodo.20157203,https://github.com/laubscher-lab/PDL-framework/blob/main/D54_equation_of_state.tex
D55_Weinberg_angle.tex,The Weinberg Angle from the PDL Axioms: Dephasing Sequencing and a New Prediction for Δ m_ iso,https://doi.org/10.5281/zenodo.20179924,https://github.com/laubscher-lab/PDL-framework/blob/main/D55_Weinberg_angle.tex
D56-Derivation-k.tex,D56: Derivation of the Linear Scaling N_ comp (k) = k from Axioms C1--C4 Resolution of Open Problem OP-D41-1-A Projective Dynamic Logo Framework,https://doi.org/10.5281/zenodo.20409903,https://github.com/laubscher-lab/PDL-framework/blob/main/D56-Derivation-k.tex
D57_gauge_SU2.tex,Derivation of the Tree-Level Weinberg Angle and the SU(2) Gauge Structure from the PDL Axioms C1--C4 Projective Dynamic Logo Framework --- Document D57,https://doi.org/10.5281/zenodo.20600264,https://github.com/laubscher-lab/PDL-framework/blob/main/D57_gauge_SU2.tex
D58_gauge_SU3.tex,Derivation of the SU (3) Gauge Structure from the PDL Axioms C1--C4: Completion of the Standard Model Gauge Group Projective Dynamic Logo Framework --- Document D58,https://doi.org/10.5281/zenodo.20622987,https://github.com/laubscher-lab/PDL-framework/blob/main/D58_gauge_SU3.tex
D59_representation_3.tex,Physical Identification of SU (3)_c and the Fundamental Representation 3 from the PDL Axioms C1--C4 Projective Dynamic Logo Framework --- Document D59,https://doi.org/10.5281/zenodo.20629282,https://github.com/laubscher-lab/PDL-framework/blob/main/D59_representation_3.tex
D60_C1V4_theorem.tex,From the Logic of Existence to the Gauge Symmetry Group: A Proof of Hypothesis H_ SU2 from Axioms C1 and C2 Projective Dynamic Logo Framework --- Document D60,https://doi.org/10.5281/zenodo.20639684,https://github.com/laubscher-lab/PDL-framework/blob/main/D60_C1V4_theorem.tex
D61_covariant_derivative.tex,Gauge Dynamics as a C4 Survival Theorem: Derivation of the Minimal Covariant Derivative from the PDL Axioms C1--C4 Document D61 of the PDL Programme,https://doi.org/10.5281/zenodo.20645713,https://github.com/laubscher-lab/PDL-framework/blob/main/D61_covariant_derivative.tex
D62 Gauge Boson.tex,"D62: Gauge Boson Masses from Combinatorial Axioms Derivation of v, M_ Z, M_ W and Prediction of M_ H in the Projective Dynamic Logo Framework",https://doi.org/10.5281/zenodo.20679631,https://github.com/laubscher-lab/PDL-framework/blob/main/D62%20Gauge%20Boson.tex
D63 Quark Mass Spectrum.tex,D63: Quark Mass Spectrum from Combinatorial Axioms Two Conjectures on Valence and Sea Quark Masses in the Projective Dynamic Logo Framework,https://doi.org/10.5281/zenodo.20696391,https://github.com/laubscher-lab/PDL-framework/blob/main/D63%20Quark%20Mass%20Spectrum.tex
D64_Soft_Hair_PDL.tex,"Soft Hair on PDL Closures: A Structural Correspondence Between Surface Microstate Counting and Black Hole Hair PDL Document D64 Two New Open Problems (OP-D64-1, OP-D64-2)",,https://github.com/laubscher-lab/PDL-framework/blob/main/D64_Soft_Hair_PDL.tex
D64_Soft_Hair_PDL_v2.tex,"Soft Hair on PDL Closures: A Structural Correspondence Between Surface Microstate Counting and Black Hole Hair PDL Document D64 Two New Open Problems (OP-D64-1, OP-D64-2)",https://doi.org/10.5281/zenodo.20868328,https://github.com/laubscher-lab/PDL-framework/blob/main/D64_Soft_Hair_PDL_v2.tex
D65_Two_Limits.tex,"Two Limits of the Same Surface: Behavioural Correspondences Between Nucleon and Black Hole Closures in PDL PDL Document D65 --- Sequel to D64 Three New Open Problems (OP-D65-1, OP-D65-2, OP-D65-3)",https://doi.org/10.5281/zenodo.21220251,https://github.com/laubscher-lab/PDL-framework/blob/main/D65_Two_Limits.tex
D66 parity obstruction.tex,"A Search for the C5 Metric Candidate: Logical Geometry, the (A)∧(B) Standard, and the Parity Obstruction of K_4",https://doi.org/10.5281/zenodo.21351177,https://github.com/laubscher-lab/PDL-framework/blob/main/D66%20parity%20obstruction.tex
D67_metric_and_coherence_tensor.tex,"The Emergent Metric and the Coherence Stress-Energy Tensor in PDL A Consolidated Reference, with Exploratory Extensions to the Isolated Nucleon PDL Document D67",https://doi.org/10.5281/zenodo.21382362,https://github.com/laubscher-lab/PDL-framework/blob/main/D67_metric_and_coherence_tensor.tex
D67_verification_scripts.py,D67 -- Verification scripts for Part II (Exploratory Extensions to the,,https://github.com/laubscher-lab/PDL-framework/blob/main/D67_verification_scripts.py
D68_pulsation_bipartition.tex,"The Pulsation as a Bipartition Complete Classification of C1-Admissible Dynamical Laws, and a Singleton Obstruction Theorem for Frustration-Based Selection PDL Document D68",https://doi.org/10.5281/zenodo.21997433,https://github.com/laubscher-lab/PDL-framework/blob/main/D68_pulsation_bipartition.tex
D69_rule_P.tex,"The Proximity Rule P A Minimax Selection Principle on Signed Graphs, with Closed Enumeration on Cycles and a Dichotomy between Complete Graphs and Sparse Meshes PDL Document D69",https://doi.org/10.5281/zenodo.21999711,https://github.com/laubscher-lab/PDL-framework/blob/main/D69_rule_P.tex
D_exp_MP01.tex,D-exp-MP01: PDL Structural Lacunae Confirmed by Materials Project Database Scan Exploratory Document — PDL Framework,https://doi.org/10.5281/zenodo.20316492,https://github.com/laubscher-lab/PDL-framework/blob/main/D_exp_MP01.tex
Derivation of kappa R_surf _ R_tot from the PDL Axioms.tex,Derivation of κ = R_ surf /R_ tot from the PDL Axioms: The Indifference Lemma and Partial Resolution of Open Problem OP1 (D36) Document D39 --- PDL Programme,https://doi.org/10.5281/zenodo.19354989,https://github.com/laubscher-lab/PDL-framework/blob/main/Derivation%20of%20kappa%20R_surf%20_%20R_tot%20from%20the%20PDL%20Axioms.tex
Derivation_alpha_PDL.tex,A Structural Derivation of the Fine-Structure Constant from the Projective Dynamic Logo (PDL),,https://github.com/laubscher-lab/PDL-framework/blob/main/Derivation_alpha_PDL.tex
Derivation_alpha_PDL_v2.tex,A Structural Derivation of the Fine-Structure Constant from the Projective Dynamic Logo (PDL),https://doi.org/10.5281/zenodo.18828183,https://github.com/laubscher-lab/PDL-framework/blob/main/Derivation_alpha_PDL_v2.tex
"Dirac Equation from the SL(2,C) Pulsation of K_4 in the PDL Framework.tex","Dirac Equation from the SL (2,ℂ) Pulsation of K_4 in the PDL Framework",https://doi.org/10.5281/zenodo.19307249,https://github.com/laubscher-lab/PDL-framework/blob/main/Dirac%20Equation%20from%20the%20SL%282%2CC%29%20Pulsation%20of%20K_4%20in%20the%20PDL%20Framework.tex
Discrete Cavity Modes and Logical Density of States in the PDL Framework.tex,Discrete Cavity Modes and Logical Density of States in the Projective Dynamic Logo Framework,https://doi.org/10.5281/zenodo.18854190,https://github.com/laubscher-lab/PDL-framework/blob/main/Discrete%20Cavity%20Modes%20and%20Logical%20Density%20of%20States%20in%20the%20PDL%20Framework.tex
DL01 — From Axioms to Life.tex,From Axioms to Life: The PDL -V Conjecture and the Hierarchical Replication of C1--C4 PDL Framework --- Document DL01,https://doi.org/10.5281/zenodo.20132166,https://github.com/laubscher-lab/PDL-framework/blob/main/DL01%20%E2%80%94%20From%20Axioms%20to%20Life.tex
DL02 — Existence Separation.tex,"Existence, Separation, and Finiteness of the Life and Consciousness Thresholds in the PDL -V Programme PDL Framework --- Document DL02",https://doi.org/10.5281/zenodo.20132228,https://github.com/laubscher-lab/PDL-framework/blob/main/DL02%20%E2%80%94%20Existence%20Separation.tex
DL03_Electron_Alphabet_Cayley_Family_Fourfold_n4.tex,"The Electron Alphabet, the Cayley--Hypercube Family, and a Threefold Characterisation of n=4 Towards a Combinatorial Language Layer for the PDL-V Programme PDL Document DL03",https://doi.org/10.5281/zenodo.21518902,https://github.com/laubscher-lab/PDL-framework/blob/main/DL03_Electron_Alphabet_Cayley_Family_Fourfold_n4.tex
DS01_programme_closure_at_D55.tex,Projective Dynamic Logo: Programme Closure at D55 Synthesis Document DS01 --- Provisional,https://doi.org/10.5281/zenodo.20187274,https://github.com/laubscher-lab/PDL-framework/blob/main/DS01_programme_closure_at_D55.tex
Emergence of the Golden Ratio in the PDL Proton Surface.tex,A Minimal Relational Sketch for the Emergence of the Golden Ratio in PDL,https://doi.org/10.5281/zenodo.18581453,https://github.com/laubscher-lab/PDL-framework/blob/main/Emergence%20of%20the%20Golden%20Ratio%20in%20the%20PDL%20Proton%20Surface.tex
Existence as Pulsating Closure An Ontological Meditation on the PDL Framework.tex,Existence as Pulsating Closure: An Ontological Meditation on the Projective Dynamic Logo Framework,https://doi.org/10.5281/zenodo.18854559,https://github.com/laubscher-lab/PDL-framework/blob/main/Existence%20as%20Pulsating%20Closure%20An%20Ontological%20Meditation%20on%20the%20PDL%20Framework.tex
Gamma/main.py,LOGNORMAL_METHOD: unbounded mass sampling (mode-centered).,,https://github.com/laubscher-lab/PDL-framework/blob/main/Gamma/main.py
Hierarchical Coherence Filtering and the Exponent 18 in PDL.tex,Hierarchical Filtering of Coherence Leakage and Justification of the Exponent 18 in PDL,https://doi.org/10.5281/zenodo.18581807,https://github.com/laubscher-lab/PDL-framework/blob/main/Hierarchical%20Coherence%20Filtering%20and%20the%20Exponent%2018%20in%20PDL.tex
IMRad_PDL.tex,The Emergence of Physical Reality within the Framework of the Projective Dynamic Logo,https://doi.org/10.5281/zenodo.18509648,https://github.com/laubscher-lab/PDL-framework/blob/main/IMRad_PDL.tex
LDP.tex,L’émergence de la réalité physique dans le cadre du Logo Dynamique Projectif (LDP),https://doi.org/10.5281/zenodo.18475542,https://github.com/laubscher-lab/PDL-framework/blob/main/LDP.tex
Minimal Stationary Closures in the PDL Framework Necessity of the 4-6 Block.tex,"Minimal Stationary Closures in the Projective Dynamic Logo Framework: Necessity of the (4,6) Block",https://doi.org/10.5281/zenodo.18841034,https://github.com/laubscher-lab/PDL-framework/blob/main/Minimal%20Stationary%20Closures%20in%20the%20PDL%20Framework%20Necessity%20of%20the%204-6%20Block.tex
Nuclear Stability PDL.tex,"Nuclear Stability and the Periodic Table from PDL Combinatorial Axioms: Derivation of the Valley of Stability, Magic Numbers, and Assembly Rules",https://doi.org/10.5281/zenodo.19371523,https://github.com/laubscher-lab/PDL-framework/blob/main/Nuclear%20Stability%20PDL.tex
On the Combinatorial Selection and Local Uniqueness of the PDL Proton Architecture.tex,On the Combinatorial Selection and Local Uniqueness of the Proton Architecture in the PDL Framework,https://doi.org/10.5281/zenodo.18841166,https://github.com/laubscher-lab/PDL-framework/blob/main/On%20the%20Combinatorial%20Selection%20and%20Local%20Uniqueness%20of%20the%20PDL%20Proton%20Architecture.tex
PDL Global Mapping of Structures Results and Open Problems_v10.tex,"Projective Dynamic Logo (PDL) Global Mapping of Structures, Results, and Open Problems",,https://github.com/laubscher-lab/PDL-framework/blob/main/PDL%20Global%20Mapping%20of%20Structures%20Results%20and%20Open%20Problems_v10.tex
PDL Global Mapping of Structures Results and Open Problems_v11.tex,"Projective Dynamic Logo (PDL) Global Mapping of Structures, Results, and Open Problems Version 11 — A Guide for Continuation of the Programme",,https://github.com/laubscher-lab/PDL-framework/blob/main/PDL%20Global%20Mapping%20of%20Structures%20Results%20and%20Open%20Problems_v11.tex
PDL Global Mapping of Structures Results and Open Problems_v12.tex,"Projective Dynamic Logo (PDL) Global Mapping of Structures, Results, and Open Problems Version 12 — A Guide for Continuation of the Programme",,https://github.com/laubscher-lab/PDL-framework/blob/main/PDL%20Global%20Mapping%20of%20Structures%20Results%20and%20Open%20Problems_v12.tex
PDL Global Mapping of Structures Results and Open Problems_v13.tex,"Projective Dynamic Logo (PDL) Global Mapping of Structures, Results, and Open Problems Version 13 — A Guide for Continuation of the Programme",,https://github.com/laubscher-lab/PDL-framework/blob/main/PDL%20Global%20Mapping%20of%20Structures%20Results%20and%20Open%20Problems_v13.tex
PDL Global Mapping of Structures Results and Open Problems_v15.tex,"Projective Dynamic Logo (PDL) Global Mapping of Structures, Results, and Open Problems Version 15 — A Guide for Continuation of the Programme",,https://github.com/laubscher-lab/PDL-framework/blob/main/PDL%20Global%20Mapping%20of%20Structures%20Results%20and%20Open%20Problems_v15.tex
PDL Global Mapping of Structures Results and Open Problems_v16.tex,"Projective Dynamic Logo (PDL) Global Mapping of Structures, Results, and Open Problems Version 16 --- A Guide for Continuation of the Programme",,https://github.com/laubscher-lab/PDL-framework/blob/main/PDL%20Global%20Mapping%20of%20Structures%20Results%20and%20Open%20Problems_v16.tex
PDL Global Mapping of Structures Results and Open Problems_v3.tex,"Projective Dynamic Logo (PDL) Global Mapping of Structures, Results, and Open Problems",,https://github.com/laubscher-lab/PDL-framework/blob/main/PDL%20Global%20Mapping%20of%20Structures%20Results%20and%20Open%20Problems_v3.tex
PDL Global Mapping of Structures Results and Open Problems_v5.tex,"Projective Dynamic Logo (PDL) Global Mapping of Structures, Results, and Open Problems",,https://github.com/laubscher-lab/PDL-framework/blob/main/PDL%20Global%20Mapping%20of%20Structures%20Results%20and%20Open%20Problems_v5.tex
PDL Global Mapping of Structures Results and Open Problems_v6.tex,"Projective Dynamic Logo (PDL) Global Mapping of Structures, Results, and Open Problems",,https://github.com/laubscher-lab/PDL-framework/blob/main/PDL%20Global%20Mapping%20of%20Structures%20Results%20and%20Open%20Problems_v6.tex
PDL Global Mapping of Structures Results and Open Problems_v7.tex,"Projective Dynamic Logo (PDL) Global Mapping of Structures, Results, and Open Problems",,https://github.com/laubscher-lab/PDL-framework/blob/main/PDL%20Global%20Mapping%20of%20Structures%20Results%20and%20Open%20Problems_v7.tex
PDL Global Mapping of Structures Results and Open Problems_v8.tex,"Projective Dynamic Logo (PDL) Global Mapping of Structures, Results, and Open Problems",,https://github.com/laubscher-lab/PDL-framework/blob/main/PDL%20Global%20Mapping%20of%20Structures%20Results%20and%20Open%20Problems_v8.tex
PDL Global Mapping of Structures Results and Open Problems_v9.tex,"Projective Dynamic Logo (PDL) Global Mapping of Structures, Results, and Open Problems",,https://github.com/laubscher-lab/PDL-framework/blob/main/PDL%20Global%20Mapping%20of%20Structures%20Results%20and%20Open%20Problems_v9.tex
Pdl hubble resolution.tex,Cosmological Resolution via PDL: G as a Topology-Dependent Parameter and the Hubble Tension as a Scale-Transition Signature,https://doi.org/10.5281/zenodo.19221310,https://github.com/laubscher-lab/PDL-framework/blob/main/Pdl%20hubble%20resolution.tex
Pdl nuclear stability skeleton.tex,Nuclear Stability and the Periodic Table as Combinatorial Closure Hierarchies in the Projective Dynamic Logo Framework,https://doi.org/10.5281/zenodo.19164084,https://github.com/laubscher-lab/PDL-framework/blob/main/Pdl%20nuclear%20stability%20skeleton.tex
PDL — Topological Origin of the Exponent 18.tex,"Topological Origin of the Exponent 18 in the PDL Gravitational Coupling: K_4, S 2, and the Periodic Table",,https://github.com/laubscher-lab/PDL-framework/blob/main/PDL%20%E2%80%94%20Topological%20Origin%20of%20the%20Exponent%2018.tex
PDL — Topological Origin of the Exponent 18_v2.tex,"Topological Origin of the Exponent 18 in the PDL Gravitational Coupling: K_4, S 2, and the Periodic Table",https://doi.org/10.5281/zenodo.19197268,https://github.com/laubscher-lab/PDL-framework/blob/main/PDL%20%E2%80%94%20Topological%20Origin%20of%20the%20Exponent%2018_v2.tex
PDL.tex,The Emergence of Physical Reality within the Framework of the Projective Dynamic Logo (PDL),https://doi.org/10.5281/zenodo.18462686,https://github.com/laubscher-lab/PDL-framework/blob/main/PDL.tex
PDL_C1V4_script1.py,Verification script for OP-D57-1 (Lemma C1-V4),,https://github.com/laubscher-lab/PDL-framework/blob/main/PDL_C1V4_script1.py
PDL_C1V4_script2.py,Verification script 2 for OP-D57-1 (Lemma C1-V4),,https://github.com/laubscher-lab/PDL-framework/blob/main/PDL_C1V4_script2.py
PDL_context.md,PDL Programme — Context and State,,https://github.com/laubscher-lab/PDL-framework/blob/main/PDL_context.md
PDL_D55_Colab_OP10a.py,PDL — OP10-a: Bijection step of Lemma D,,https://github.com/laubscher-lab/PDL-framework/blob/main/PDL_D55_Colab_OP10a.py
PDL_D59_script1.py,Verification script for PDL Document D59:,https://doi.org/10.5281/zenodo.20628926,https://github.com/laubscher-lab/PDL-framework/blob/main/PDL_D59_script1.py
PDL_D61_script1.py,PDL_D61_script1.py  (version 3 -- final),,https://github.com/laubscher-lab/PDL-framework/blob/main/PDL_D61_script1.py
PDL_D61_script2.py,"Verrouillage script for D61 (OP-D59-2), Part 2.",,https://github.com/laubscher-lab/PDL-framework/blob/main/PDL_D61_script2.py
PDL_D62_lockdown.py,Script de verrouillage pour D62 :,,https://github.com/laubscher-lab/PDL-framework/blob/main/PDL_D62_lockdown.py
PDL_D63_lockdown.py,Verrouillage script for PDL Document D63,,https://github.com/laubscher-lab/PDL-framework/blob/main/PDL_D63_lockdown.py
PDL_Global_Mapping_of_Structures_Results_and_Open_Problems_v17.tex,"Projective Dynamic Logo (PDL) Global Mapping of Structures, Results, and Open Problems Version 17 --- A Guide for Continuation of the Programme",,https://github.com/laubscher-lab/PDL-framework/blob/main/PDL_Global_Mapping_of_Structures_Results_and_Open_Problems_v17.tex
PDL_Global_Mapping_of_Structures_Results_and_Open_Problems_v18.tex,"Projective Dynamic Logo (PDL) Global Mapping of Structures, Results, and Open Problems Version 18 --- A Guide for Continuation of the Programme",,https://github.com/laubscher-lab/PDL-framework/blob/main/PDL_Global_Mapping_of_Structures_Results_and_Open_Problems_v18.tex
PDL_Global_Mapping_of_Structures_Results_and_Open_Problems_v19.tex,"Projective Dynamic Logo (PDL) Global Mapping of Structures, Results, and Open Problems Version 19 --- A Guide for Continuation of the Programme",,https://github.com/laubscher-lab/PDL-framework/blob/main/PDL_Global_Mapping_of_Structures_Results_and_Open_Problems_v19.tex
PDL_Global_Mapping_of_Structures_Results_and_Open_Problems_v20.tex,"Projective Dynamic Logo (PDL) Global Mapping of Structures, Results, and Open Problems Version 20 --- A Guide for Continuation of the Programme",,https://github.com/laubscher-lab/PDL-framework/blob/main/PDL_Global_Mapping_of_Structures_Results_and_Open_Problems_v20.tex
PDL_Global_Mapping_of_Structures_Results_and_Open_Problems_v21.tex,"Projective Dynamic Logo (PDL) Global Mapping of Structures, Results, and Open Problems Version 21 --- A Guide for Continuation of the Programme",,https://github.com/laubscher-lab/PDL-framework/blob/main/PDL_Global_Mapping_of_Structures_Results_and_Open_Problems_v21.tex
PDL_Global_Mapping_of_Structures_Results_and_Open_Problems_v22.tex,"Projective Dynamic Logo (PDL) Global Mapping of Structures, Results, and Open Problems Version 22 --- A Guide for Continuation of the Programme",,https://github.com/laubscher-lab/PDL-framework/blob/main/PDL_Global_Mapping_of_Structures_Results_and_Open_Problems_v22.tex
PDL_Global_Mapping_of_Structures_Results_and_Open_Problems_v23.tex,"Projective Dynamic Logo (PDL) Global Mapping of Structures, Results, and Open Problems Version 23 --- A Guide for Continuation of the Programme",,https://github.com/laubscher-lab/PDL-framework/blob/main/PDL_Global_Mapping_of_Structures_Results_and_Open_Problems_v23.tex
PDL_Global_Mapping_of_Structures_Results_and_Open_Problems_v24.tex,"Projective Dynamic Logo (PDL) Global Mapping of Structures, Results, and Open Problems Version 24 --- A Guide for Continuation of the Programme",,https://github.com/laubscher-lab/PDL-framework/blob/main/PDL_Global_Mapping_of_Structures_Results_and_Open_Problems_v24.tex
PDL_Global_Mapping_of_Structures_Results_and_Open_Problems_v25.tex,"Projective Dynamic Logo (PDL) Global Mapping of Structures, Results, and Open Problems Version 25 --- A Guide for Continuation of the Programme",,https://github.com/laubscher-lab/PDL-framework/blob/main/PDL_Global_Mapping_of_Structures_Results_and_Open_Problems_v25.tex
PDL_Global_Mapping_of_Structures_Results_and_Open_Problems_v26.tex,"Projective Dynamic Logo (PDL) Global Mapping of Structures, Results, and Open Problems Version 26 --- A Guide for Continuation of the Programme",,https://github.com/laubscher-lab/PDL-framework/blob/main/PDL_Global_Mapping_of_Structures_Results_and_Open_Problems_v26.tex
PDL_Global_Mapping_of_Structures_Results_and_Open_Problems_v27.tex,"Projective Dynamic Logo (PDL) Global Mapping of Structures, Results, and Open Problems Version 27 --- A Guide for Continuation of the Programme",,https://github.com/laubscher-lab/PDL-framework/blob/main/PDL_Global_Mapping_of_Structures_Results_and_Open_Problems_v27.tex
PDL_Global_Mapping_of_Structures_Results_and_Open_Problems_v28.tex,"Projective Dynamic Logo (PDL) Global Mapping of Structures, Results, and Open Problems Version 28 --- A Guide for Continuation of the Programme",,https://github.com/laubscher-lab/PDL-framework/blob/main/PDL_Global_Mapping_of_Structures_Results_and_Open_Problems_v28.tex
PDL_Global_Mapping_of_Structures_Results_and_Open_Problems_v29.tex,"Projective Dynamic Logo (PDL) Global Mapping of Structures, Results, and Open Problems Version 29 --- A Guide for Continuation of the Programme",,https://github.com/laubscher-lab/PDL-framework/blob/main/PDL_Global_Mapping_of_Structures_Results_and_Open_Problems_v29.tex
PDL_Global_Mapping_of_Structures_Results_and_Open_Problems_v30.tex,"Projective Dynamic Logo (PDL) Global Mapping of Structures, Results, and Open Problems Version 30 --- A Guide for Continuation of the Programme",,https://github.com/laubscher-lab/PDL-framework/blob/main/PDL_Global_Mapping_of_Structures_Results_and_Open_Problems_v30.tex
PDL_Global_Mapping_of_Structures_Results_and_Open_Problems_v31.tex,"Projective Dynamic Logo (PDL) Global Mapping of Structures, Results, and Open Problems Version 31 --- A Guide for Continuation of the Programme",,https://github.com/laubscher-lab/PDL-framework/blob/main/PDL_Global_Mapping_of_Structures_Results_and_Open_Problems_v31.tex
PDL_Global_Mapping_of_Structures_Results_and_Open_Problems_v32.tex,"Projective Dynamic Logo (PDL) Global Mapping of Structures, Results, and Open Problems Version 32 --- A Guide for Continuation of the Programme",,https://github.com/laubscher-lab/PDL-framework/blob/main/PDL_Global_Mapping_of_Structures_Results_and_Open_Problems_v32.tex
PDL_Global_Mapping_of_Structures_Results_and_Open_Problems_v33.tex,"Projective Dynamic Logo (PDL) Global Mapping of Structures, Results, and Open Problems Version 33 --- A Guide for Continuation of the Programme",https://doi.org/10.5281/zenodo.21520303,https://github.com/laubscher-lab/PDL-framework/blob/main/PDL_Global_Mapping_of_Structures_Results_and_Open_Problems_v33.tex
PDL_introduction.tex,The Emergence of Physical Reality within the Framework of the Projective Dynamic Logo (PDL),https://doi.org/10.5281/zenodo.18463130,https://github.com/laubscher-lab/PDL-framework/blob/main/PDL_introduction.tex
PDL_OFN_bridge/B1_PDL_OFN.tex,β_1 = 3 as a Topological Invariant of Minimal Relational Closures: Numerical Evidence from the PDL and OFN Frameworks,https://doi.org/10.5281/zenodo.20523343,https://github.com/laubscher-lab/PDL-framework/blob/main/PDL_OFN_bridge/B1_PDL_OFN.tex
PDL_OFN_bridge/B2_PDL_OFN_bridge.tex,From ℤ_3 to Three Generations: A Structural Bridge between PDL Leakage Cycles and OFN Fermion Families Joint PDL--OFN Note N02,https://doi.org/10.5281/zenodo.21333913,https://github.com/laubscher-lab/PDL-framework/blob/main/PDL_OFN_bridge/B2_PDL_OFN_bridge.tex
PDL_OFN_bridge/PDL_OFN_script1_corrige.py,PDL–OFN Bridge — Script 1 CORRIGÉ,,https://github.com/laubscher-lab/PDL-framework/blob/main/PDL_OFN_bridge/PDL_OFN_script1_corrige.py
PDL_OFN_bridge/PDL_OFN_script2_S4_orbits.py,PDL–OFN Bridge — Script 2,,https://github.com/laubscher-lab/PDL-framework/blob/main/PDL_OFN_bridge/PDL_OFN_script2_S4_orbits.py
PDL_OFN_bridge/PDL_OFN_script3_corrige.py,PDL-OFN Bridge - Script 3 CORRIGE,,https://github.com/laubscher-lab/PDL-framework/blob/main/PDL_OFN_bridge/PDL_OFN_script3_corrige.py
PDL_OFN_bridge/PDL_OFN_script_dimensional_v3.py,PDL-OFN Bridge - Script Dimensionnel GUIDÉ CORRIGÉ,,https://github.com/laubscher-lab/PDL-framework/blob/main/PDL_OFN_bridge/PDL_OFN_script_dimensional_v3.py
PDL_OFN_bridge/README.md,PDL–OFN Bridge: Numerical Study of β₁ = 3 as a Shared Topological Invariant,,https://github.com/laubscher-lab/PDL-framework/blob/main/PDL_OFN_bridge/README.md
PDL_OFN_bridge/script1_beta1_necessity.py,PDL–OFN Bridge — Script 1 CORRIGÉ,,https://github.com/laubscher-lab/PDL-framework/blob/main/PDL_OFN_bridge/script1_beta1_necessity.py
PDL_OFN_bridge/script2_S4_orbits.py,PDL–OFN Bridge — Script 2,,https://github.com/laubscher-lab/PDL-framework/blob/main/PDL_OFN_bridge/script2_S4_orbits.py
PDL_OFN_bridge/script3_bijection.py,PDL-OFN Bridge - Script 3 CORRIGE,,https://github.com/laubscher-lab/PDL-framework/blob/main/PDL_OFN_bridge/script3_bijection.py
PDL_OFN_bridge/verification_omega21_adjacency.py,Vérification indépendante du document OFN de Oleg Evdokimov,,https://github.com/laubscher-lab/PDL-framework/blob/main/PDL_OFN_bridge/verification_omega21_adjacency.py
PDL_OFN_bridge_README.md,PDL–OFN Bridge: Numerical Study of β₁ = 3 as a Shared Topological Invariant,,https://github.com/laubscher-lab/PDL-framework/blob/main/PDL_OFN_bridge_README.md
PDL_pulsation_regimes_script1.py,Verification script -- Pulsation regimes and the switching,,https://github.com/laubscher-lab/PDL-framework/blob/main/PDL_pulsation_regimes_script1.py
PDL_pulsation_regimes_script2.py,"Verification script -- Phase, not period: which pulsation laws",,https://github.com/laubscher-lab/PDL-framework/blob/main/PDL_pulsation_regimes_script2.py
PDL_pulsation_regimes_script3.py,Verification script -- The frustrated regime: does the pulsation,,https://github.com/laubscher-lab/PDL-framework/blob/main/PDL_pulsation_regimes_script3.py
PDL_pulsation_regimes_script4.py,Verification script -- FALSIFICATION of the crossing-frustration,,https://github.com/laubscher-lab/PDL-framework/blob/main/PDL_pulsation_regimes_script4.py
PDL_pulsation_regimes_script5.py,Verification script -- Is PARITY the cause? The singleton,,https://github.com/laubscher-lab/PDL-framework/blob/main/PDL_pulsation_regimes_script5.py
PDL_rule_P_script10.py,Rule P: exhaustive verification of the bipartite dichotomy,,https://github.com/laubscher-lab/PDL-framework/blob/main/PDL_rule_P_script10.py
PDL_rule_P_script11.py,"Rule P on the structures that matter: cores, sea, interface",,https://github.com/laubscher-lab/PDL-framework/blob/main/PDL_rule_P_script11.py
PDL_rule_P_script12.py,Rule P: the geometry of the hole decides both the rigidity of,,https://github.com/laubscher-lab/PDL-framework/blob/main/PDL_rule_P_script12.py
PDL_rule_P_script13.py,Rule P: the odd-boundary case characterised,,https://github.com/laubscher-lab/PDL-framework/blob/main/PDL_rule_P_script13.py
PDL_rule_P_script8.py,The proximity rule P: a standalone mathematical study,,https://github.com/laubscher-lab/PDL-framework/blob/main/PDL_rule_P_script8.py
PDL_rule_P_script9b.py,Rule P on cycles: closed-form counts for minimisers and orbits,,https://github.com/laubscher-lab/PDL-framework/blob/main/PDL_rule_P_script9b.py
PDL_SU3_script1.py,Verification of the Five Lemmas establishing SU(3),https://doi.org/10.5281/zenodo.20623231,https://github.com/laubscher-lab/PDL-framework/blob/main/PDL_SU3_script1.py
PDL_two_layer_script15.py,Two layers: entity states and relation states.,,https://github.com/laubscher-lab/PDL-framework/blob/main/PDL_two_layer_script15.py
Position_paper_PDL.tex,"Projective Dynamic Logo as a Foundational Research Programme: Current Status, Open Problems, and Interface with the Theory of Objectivity",https://doi.org/10.5281/zenodo.18675200,https://github.com/laubscher-lab/PDL-framework/blob/main/Position_paper_PDL.tex
Proof of G_eff(N) sigma(N) G_PDL from the Trace Structure of K_4 and Independence of Gravitational Engagement.tex,Proof of G_ eff (N) = σ(N)· G_ PDL from the Trace Structure of K_4 and Independence of Gravitational Engagement,https://doi.org/10.5281/zenodo.19323033,https://github.com/laubscher-lab/PDL-framework/blob/main/Proof%20of%20G_eff%28N%29%20sigma%28N%29%20G_PDL%20from%20the%20Trace%20Structure%20of%20K_4%20and%20Independence%20of%20Gravitational%20Engagement.tex
Proof of the Density-Dependent Gravitational Coupling.tex,"Proof of the Density-Dependent Gravitational Coupling G_ eff (N) = σ(N)_PDL: Symmetry, Obstruction, and Linearity of the Densified Bridge Map",https://doi.org/10.5281/zenodo.19294984,https://github.com/laubscher-lab/PDL-framework/blob/main/Proof%20of%20the%20Density-Dependent%20Gravitational%20Coupling.tex
Proper Time as Coherence-Cycle Counting and Emergent Metric in a Relational Graph Framework PDL.tex,Proper Time as Coherence-Cycle Counting and Emergent Metric in a Relational Graph Framework (PDL),https://doi.org/10.5281/zenodo.19329465,https://github.com/laubscher-lab/PDL-framework/blob/main/Proper%20Time%20as%20Coherence-Cycle%20Counting%20and%20Emergent%20Metric%20in%20a%20Relational%20Graph%20Framework%20PDL.tex
Quantitative Einstein Equation from G_eff(N) sigma(N) G_PDL in the PDL Framework.tex,Quantitative Einstein Equation from G_ eff (N) = σ(N)· G_ PDL in the PDL Framework,https://doi.org/10.5281/zenodo.19322936,https://github.com/laubscher-lab/PDL-framework/blob/main/Quantitative%20Einstein%20Equation%20from%20G_eff%28N%29%20sigma%28N%29%20G_PDL%20in%20the%20PDL%20Framework.tex
quatrieme_couverture.tex,Quatrième de couverture — Quoi que nous soyons,,https://github.com/laubscher-lab/PDL-framework/blob/main/quatrieme_couverture.tex
"Qui que nous puissions être Existence, cohérence et instruments vulnérables Une synthèse philosophique du cadre du Projective Dynamic Logo.tex","Qui que nous puissions être: Existence, cohérence et instruments vulnérables Une synthèse philosophique du cadre du Logo Dynamique Projectif (Projective Dynamic Logo, PDL)",https://doi.org/10.5281/zenodo.18914532,https://github.com/laubscher-lab/PDL-framework/blob/main/Qui%20que%20nous%20puissions%20e%CC%82tre%20Existence%2C%20cohe%CC%81rence%20et%20instruments%20vulne%CC%81rables%20Une%20synthe%CC%80se%20philosophique%20du%20cadre%20du%20Projective%20Dynamic%20Logo.tex
Quoi que nous soyons — Le Logo Dynamique Projectif.tex,Quoi que nous soyons — Le Logo Dynamique Projectif,,https://github.com/laubscher-lab/PDL-framework/blob/main/Quoi%20que%20nous%20soyons%20%E2%80%94%20Le%20Logo%20Dynamique%20Projectif.tex
Quoi que nous soyons — Le Logo Dynamique Projectif_v2.tex,Quoi que nous soyons — Le Logo Dynamique Projectif,https://doi.org/10.5281/zenodo.19924230,https://github.com/laubscher-lab/PDL-framework/blob/main/Quoi%20que%20nous%20soyons%20%E2%80%94%20Le%20Logo%20Dynamique%20Projectif_v2.tex
README.md,PDL Framework — Projective Dynamic Logo,,https://github.com/laubscher-lab/PDL-framework/blob/main/README.md
Relational_Emergence_of Born_s_Rule_and_a_Golden-Ratio_Active_Surface_in_PDL.tex,Relational Emergence of Born's Rule and a Golden-Ratio Active Surface in PDL,,https://github.com/laubscher-lab/PDL-framework/blob/main/Relational_Emergence_of%20Born_s_Rule_and_a_Golden-Ratio_Active_Surface_in_PDL.tex
Relational_Emergence_of Born_s_Rule_and_a_Golden-Ratio_Active_Surface_in_PDL_v2.tex,Relational Emergence of Born's Rule and a Golden-Ratio Active Surface in PDL,https://doi.org/10.5281/zenodo.18832069,https://github.com/laubscher-lab/PDL-framework/blob/main/Relational_Emergence_of%20Born_s_Rule_and_a_Golden-Ratio_Active_Surface_in_PDL_v2.tex
Schodinger_PDL.tex,Compatibility of the Schrödinger Framework with the Projective Dynamic Logo (PDL),,https://github.com/laubscher-lab/PDL-framework/blob/main/Schodinger_PDL.tex
Schodinger_PDL_v2.tex,Compatibility of the Schrödinger Framework with the Projective Dynamic Logo (PDL),https://doi.org/10.5281/zenodo.18831587,https://github.com/laubscher-lab/PDL-framework/blob/main/Schodinger_PDL_v2.tex
Schrödinger Dynamics from the (A)∧(B) Coupling Criterion.tex,Schrödinger Dynamics from the (A)∧(B) Coupling Criterion in the PDL Framework,https://doi.org/10.5281/zenodo.19306269,https://github.com/laubscher-lab/PDL-framework/blob/main/Schr%C3%B6dinger%20Dynamics%20from%20the%20%28A%29%E2%88%A7%28B%29%20Coupling%20Criterion.tex
session-74-arg.md,Session 74 — Le chemin argumentatif,,https://github.com/laubscher-lab/PDL-framework/blob/main/session-74-arg.md
session-74.md,Session 74 — Exploration d'un langage logique pour l'émergence de la vie et de la conscience,,https://github.com/laubscher-lab/PDL-framework/blob/main/session-74.md
session-74.py,"Session 74 — Tous les scripts, format Colab (cellules # %%)",,https://github.com/laubscher-lab/PDL-framework/blob/main/session-74.py
session66_scripts/k4_multicenter.py,"Verification script - Session 65, Piste ""reseau multi-centres"" (T_pdl + T_pp)",,https://github.com/laubscher-lab/PDL-framework/blob/main/session66_scripts/k4_multicenter.py
session66_scripts/PDL_BH_entropy_final.py,"Session 66 — RÉSULTAT MAJEUR : reconstruction de S_BH d'un trou noir solaire à 0,07%.",,https://github.com/laubscher-lab/PDL-framework/blob/main/session66_scripts/PDL_BH_entropy_final.py
session66_scripts/PDL_horizon_topology_script1.py,"Calcule V, E, F TOTAUX de l'assemblage = (bloc P0, formule fermée) + (ajouts dus",,https://github.com/laubscher-lab/PDL-framework/blob/main/session66_scripts/PDL_horizon_topology_script1.py
session66_scripts/PDL_horizon_topology_script2.py,P0 : bloc de référence (formule fermée).,,https://github.com/laubscher-lab/PDL-framework/blob/main/session66_scripts/PDL_horizon_topology_script2.py
session66_scripts/PDL_horizon_topology_script3.py,n_blocks : nombre de blocs K_{block_size} isolés au départ.,,https://github.com/laubscher-lab/PDL-framework/blob/main/session66_scripts/PDL_horizon_topology_script3.py
session66_scripts/PDL_metric_distance_script1.py,Calcul par BFS depuis des noeuds echantillonnes (le diametre exact est couteux a,,https://github.com/laubscher-lab/PDL-framework/blob/main/session66_scripts/PDL_metric_distance_script1.py
session66_scripts/PDL_metric_distance_script2.py,"Session 65 (suite) — test de la VRAIE variable : aleatoire vs local, a degre fixe.",,https://github.com/laubscher-lab/PDL-framework/blob/main/session66_scripts/PDL_metric_distance_script2.py
session66_scripts/PDL_metric_distance_script3.py,Session 65 (suite) — test : la fermeture triadique (mecanisme NATIF de PDL : un triangle,,https://github.com/laubscher-lab/PDL-framework/blob/main/session66_scripts/PDL_metric_distance_script3.py
session66_scripts/PDL_metric_distance_script4.py,"n_clusters amas de taille cluster_size (~Z_sat), chacun un graphe DENSE interne",,https://github.com/laubscher-lab/PDL-framework/blob/main/session66_scripts/PDL_metric_distance_script4.py
session66_scripts/PDL_metric_distance_script5.py,Construit la charpente inter-amas par accretion : chaque nouvel amas (index c),,https://github.com/laubscher-lab/PDL-framework/blob/main/session66_scripts/PDL_metric_distance_script5.py
Sketch_derivation_Schroedinger_PDL.tex,"Towards a Schrödinger--Type Dynamics from the Projective Dynamic Logo (PDL) A Relational Sketch Linking Coherence Cycles, Active Surfaces, and Effective Potentials",,https://github.com/laubscher-lab/PDL-framework/blob/main/Sketch_derivation_Schroedinger_PDL.tex
Sketch_derivation_Schroedinger_PDL_v2.tex,"Towards a Schrödinger--Type Dynamics from the Projective Dynamic Logo (PDL) A Relational Sketch Linking Coherence Cycles, Active Surfaces, and Effective Potentials",https://doi.org/10.5281/zenodo.18832542,https://github.com/laubscher-lab/PDL-framework/blob/main/Sketch_derivation_Schroedinger_PDL_v2.tex
Structural Derivation of N_CMB from the PDL Neutron Architecture and Parameter-Free Resolution of the Hubble Tension.tex,Structural Derivation of N_ CMB from the PDL Neutron Architecture: A Parameter-Free Resolution of the Hubble Tension,https://doi.org/10.5281/zenodo.19281988,https://github.com/laubscher-lab/PDL-framework/blob/main/Structural%20Derivation%20of%20N_CMB%20from%20the%20PDL%20Neutron%20Architecture%20and%20Parameter-Free%20Resolution%20of%20the%20Hubble%20Tension.tex
Structural Derivation of the QCD Correction Coefficient in the PDL Mass Ratio Formula and Completion of the epsilon_G Conjecture.tex,Structural Derivation of the QCD Correction Coefficient in the PDL Mass Ratio Formula and Completion of the ε_G Conjecture,https://doi.org/10.5281/zenodo.19294449,https://github.com/laubscher-lab/PDL-framework/blob/main/Structural%20Derivation%20of%20the%20QCD%20Correction%20Coefficient%20in%20the%20PDL%20Mass%20Ratio%20Formula%20and%20Completion%20of%20the%20epsilon_G%20Conjecture.tex
Surface Locality of Relational Entropy and the PDL Area Law.tex,Surface Locality of Relational Entropy and the PDL Area Law Document D37 --- PDL Programme,https://doi.org/10.5281/zenodo.19354096,https://github.com/laubscher-lab/PDL-framework/blob/main/Surface%20Locality%20of%20Relational%20Entropy%20and%20the%20PDL%20Area%20Law.tex
The Emergence of Physical Reality within the Framework of the PDL_v2.tex,The Emergence of Physical Reality within the Framework of the Projective Dynamic Logo (PDL),,https://github.com/laubscher-lab/PDL-framework/blob/main/The%20Emergence%20of%20Physical%20Reality%20within%20the%20Framework%20of%20the%20PDL_v2.tex
The PDL--QCD Boundary_ Structural Derivation of the Proton--Electron Mass Ratio Correction and a Parameter-Free Conjecture for Newton's Constant.tex,The PDL--QCD Boundary: Structural Derivation of the Proton--Electron Mass Ratio Correction and a Parameter-Free Conjecture for Newton's Constant,https://doi.org/10.5281/zenodo.19282932,https://github.com/laubscher-lab/PDL-framework/blob/main/The%20PDL--QCD%20Boundary_%20Structural%20Derivation%20of%20the%20Proton--Electron%20Mass%20Ratio%20Correction%20and%20a%20Parameter-Free%20Conjecture%20for%20Newton%27s%20Constant.tex
TO-PDL.tex,A Modal Dialogue between the Projective Dynamic Logo (PDL) and the Theory of Objectivity (TO),https://doi.org/10.5281/zenodo.18580925,https://github.com/laubscher-lab/PDL-framework/blob/main/TO-PDL.tex
Toward_a_Gleason-Type_Uniqueness_Theorem_for_Born_s_Rule_in_the_PDL_Framework.tex,Gleason-Type Uniqueness of Born's Rule for Spin- 1 2 in the PDL Framework,https://doi.org/10.5281/zenodo.18663156,https://github.com/laubscher-lab/PDL-framework/blob/main/Toward_a_Gleason-Type_Uniqueness_Theorem_for_Born_s_Rule_in_the_PDL_Framework.tex
Towards_Einstein--Dirac_Unification_PDL.tex,Towards an Einstein--Dirac Unification from the Projective Dynamic Logo Framework,https://doi.org/10.5281/zenodo.18725069,https://github.com/laubscher-lab/PDL-framework/blob/main/Towards_Einstein--Dirac_Unification_PDL.tex
Universal Coherence Leakage_ Bridging the Gravitational and Fine-Structure Constants through Discrete Relational Closures.tex,Universal Coherence Leakage: Bridging Gravitational and Fine-Structure Constants through Discrete Relational Closures,,https://github.com/laubscher-lab/PDL-framework/blob/main/Universal%20Coherence%20Leakage_%20Bridging%20the%20Gravitational%20and%20Fine-Structure%20Constants%20through%20Discrete%20Relational%20Closures.tex
Universal Coherence Leakage_ Bridging the Gravitational and Fine-Structure Constants through Discrete Relational Closures_V3.tex,Universal Coherence Leakage: A Structural Bridge between the Gravitational and Electromagnetic Constants in the Projective Dynamic Logo Framework,https://doi.org/10.5281/zenodo.19056994,https://github.com/laubscher-lab/PDL-framework/blob/main/Universal%20Coherence%20Leakage_%20Bridging%20the%20Gravitational%20and%20Fine-Structure%20Constants%20through%20Discrete%20Relational%20Closures_V3.tex
"Whoever We May Be Existence, Coherence, and Vulnerable Instruments A Philosophical Synthesis of the PDL Framework.tex","Whoever We May Be: Existence, Coherence, and Vulnerable Instruments A Philosophical Synthesis of the Projective Dynamic Logo Framework",,https://github.com/laubscher-lab/PDL-framework/blob/main/Whoever%20We%20May%20Be%20Existence%2C%20Coherence%2C%20and%20Vulnerable%20Instruments%20A%20Philosophical%20Synthesis%20of%20the%20PDL%20Framework.tex
"Whoever We May Be Existence, Coherence, and Vulnerable Instruments A Philosophical Synthesis of the PDL Framework_v2.tex","Whoever We May Be: Existence, Coherence, and Vulnerable Instruments A Philosophical Synthesis of the Projective Dynamic Logo Framework",https://doi.org/10.5281/zenodo.18940047,https://github.com/laubscher-lab/PDL-framework/blob/main/Whoever%20We%20May%20Be%20Existence%2C%20Coherence%2C%20and%20Vulnerable%20Instruments%20A%20Philosophical%20Synthesis%20of%20the%20PDL%20Framework_v2.tex
Whoever we may be — The Projective Dynamic Logo.tex,Whoever We May Be — The Projective Dynamic Logo,,https://github.com/laubscher-lab/PDL-framework/blob/main/Whoever%20we%20may%20be%20%E2%80%94%20The%20Projective%20Dynamic%20Logo.tex
Whoever we may be — The Projective Dynamic Logo_v2.tex,Whatever We May Be — The Projective Dynamic Logo,https://doi.org/10.5281/zenodo.19076555,https://github.com/laubscher-lab/PDL-framework/blob/main/Whoever%20we%20may%20be%20%E2%80%94%20The%20Projective%20Dynamic%20Logo_v2.tex
